{"array":[{"x":12.878679275512696,"y":8.0,"z":-12.878680229187012},{"x":12.878679275512696,"y":8.0,"z":12.878679275512696},{"x":-12.878679275512696,"y":8.0,"z":12.878679275512696},{"x":-12.878680229187012,"y":8.0,"z":-12.878679275512696}]}