{"columns":[0,1,2,3,4,5],"index":[0,1,2,3,4,5,6,7,8,9,10,11],"data":[[9.4031451945,-1.76040634,-1.9431366161,-1.2052788442,1.6726971812,-2.8284941309],[9.8274303646,-1.5397919688,-1.6991229657,-1.1641779176,1.6763849623,-2.1049682622],[10.0810288131,-1.3419252741,-1.4350959763,-1.1078589768,1.6964077164,-2.0921728238],[10.3241469129,-0.962072288,-0.8377421646,-1.0312986782,1.6978632942,-1.4829642989],[12.4716695437,-0.9428588027,-0.5774882763,-1.0186339557,1.7023925831,-1.4039698408],[12.9319205553,-0.0958302199,-0.5667902742,-0.9165711295,1.7219094745,-1.3640080169],[12.9850637267,0.0108661378,0.4798444894,-0.9068162347,1.7554195772,-1.3427041957],[15.1549490479,0.4606402663,1.2804838285,-0.9005011545,1.7588577863,1.8370134027],[15.3265303429,1.4260710632,1.3755579154,-0.8880013581,1.8199667785,1.9877036101],[16.3350011698,1.6419389773,1.4358045407,-0.873899625,1.8224704916,2.0613389654],[16.4176301078,1.6522378012,1.4431444519,-0.8173975437,1.8485156508,2.2089611762],[16.4559154862,1.6694874899,1.7102233023,-0.7800751104,1.8637051827,2.5151863833]]}