{"columns":[0,1,2,3,4,5],"index":[0,1,2,3,4,5,6,7,8,9,10,11],"data":[[9.38888875,-2.2,-2.3333333333,-0.999999941,1.74999994,-2.666666625],[9.6666665,-2.0,-2.1666666667,-0.999999941,1.74999994,-2.666666625],[9.6666665,-2.0,-2.1428571429,-0.999999941,1.74999994,-2.666666625],[9.6666665,-1.5714285714,-1.25,-0.999999941,1.74999994,-2.666666625],[9.94444425,-1.25,0.0,-0.999999941,1.74999994,-2.666666625],[14.666666,-0.8333333333,0.0,-0.999999941,1.74999994,-2.666666625],[15.9999996,-0.4285714286,0.8,-0.999999941,1.74999994,-2.666666625],[16.333333,0.0,0.8333333333,-0.999999941,1.74999994,2.666666745],[16.333333,2.0,1.4,-0.999999941,1.74999994,2.666666745],[16.333333,2.1666666667,1.4,-0.999999941,1.74999994,2.666666745],[17.0476188571,2.2,2.0,-0.999999941,1.74999994,2.666666745],[18.0,2.4,2.4285714286,-0.999999941,1.74999994,2.666666745]]}